{"cameraMode":{"drawMode":0,"name":"Shaded","section":"Shading Mode"},"sceneLighting":true,"audioPlay":false,"sceneViewState":{"m_AlwaysRefresh":false,"showFog":true,"showSkybox":true,"showFlares":true,"showImageEffects":true,"showParticleSystems":true,"showVisualEffectGraphs":true,"m_FxEnabled":true},"in2DMode":false,"pivot":{"x":5.7433881759643559,"y":0.9936589002609253,"z":-6.259917259216309},"rotation":{"x":0.07578402012586594,"y":-0.032899029552936557,"z":0.0025017813313752414,"w":0.9965781569480896},"size":3.936807870864868,"orthographic":false}