{"cameraMode":{"drawMode":0,"name":"Shaded","section":"Shading Mode"},"sceneLighting":false,"audioPlay":false,"sceneViewState":{"m_AlwaysRefresh":false,"showFog":true,"showSkybox":false,"showFlares":true,"showImageEffects":true,"showParticleSystems":true,"showVisualEffectGraphs":true,"m_FxEnabled":true},"in2DMode":false,"pivot":{"x":3.1834425926208498,"y":-2.1129093170166017,"z":1.0469369888305665},"rotation":{"x":0.1399969756603241,"y":0.33582550287246706,"z":-0.050548065453767779,"w":0.9300912022590637},"size":1.0472018718719483,"orthographic":false}