{"cameraMode":{"drawMode":0,"name":"Shaded","section":"Shading Mode"},"sceneLighting":false,"audioPlay":false,"sceneViewState":{"m_AlwaysRefresh":false,"showFog":true,"showSkybox":false,"showFlares":true,"showImageEffects":true,"showParticleSystems":true,"showVisualEffectGraphs":true,"m_FxEnabled":true},"in2DMode":false,"pivot":{"x":6.920085906982422,"y":7.879182815551758,"z":0.7470369338989258},"rotation":{"x":0.1399969756603241,"y":0.33582550287246706,"z":-0.050548065453767779,"w":0.9300912022590637},"size":2.1159613132476808,"orthographic":false}